Index,track_name,artists_name
0,Blinding Lights,The Weeknd
1,Circles,Post Malone
2,The Box,Roddy Ricch
3,Don't Start Now,Dua Lipa
4,Rockstar,DaBaby Featuring Roddy Ricch
5,Adore You,Harry Styles
6,Life Is Good,Future Featuring Drake
7,Memories,Maroon 5
8,The Bones,Maren Morris
9,Someone You Loved,Lewis Capaldi
10,Say So,Doja Cat
11,I Hope,Gabby Barrett Featuring Charlie Puth
12,Whats Poppin,"Jack Harlow Featuring DaBaby, Tory Lanez & Lil Wayne"
13,Dance Monkey,Tones And I
14,Savage,Megan Thee Stallion
15,Roxanne,Arizona Zervas
16,Intentions,Justin Bieber Featuring Quavo
17,Everything I Wanted,Billie Eilish
18,Roses,SAINt JHN
19,Watermelon Sugar,Harry Styles
20,Before You Go,Lewis Capaldi
21,Falling,Trevor Daniel
22,"10,000 Hours",Dan + Shay & Justin Bieber
23,WAP,Cardi B Featuring Megan Thee Stallion
24,Ballin',Mustard & Roddy Ricch
25,Hot Girl Bummer,blackbear
26,Blueberry Faygo,Lil Mosey
27,Heartless,The Weeknd
28,BOP,DaBaby
29,Lose You To Love Me,Selena Gomez
30,Good As Hell,Lizzo
31,Toosie Slide,Drake
32,Break My Heart,Dua Lipa
33,Chasin' You,Morgan Wallen
34,Savage Love (Laxed - Siren Beat),Jawsh 685 x Jason Derulo
35,No Guidance,Chris Brown Featuring Drake
36,My Oh My,Camila Cabello Featuring DaBaby
37,Dynamite,BTS
38,Go Crazy,Chris Brown & Young Thug
39,High Fashion,Roddy Ricch Featuring Mustard
40,Laugh Now Cry Later,Drake Featuring Lil Durk
41,Woah,Lil Baby
42,Death Bed,Powfu Featuring beabadoobee
43,Senorita,Shawn Mendes & Camila Cabello
44,HIGHEST IN THE ROOM,Travis Scott
45,Bad Guy,Billie Eilish
46,Mood,24kGoldn Featuring iann dior
47,Rain On Me,Lady Gaga & Ariana Grande
48,For The Night,Pop Smoke Featuring Lil Baby & DaBaby
49,RITMO (Bad Boys For Life),Black Eyed Peas X J Balvin
50,Heart On Ice,Rod Wave
51,Nobody But You,Blake Shelton Duet With Gwen Stefani
52,Trampoline,SHAED
53,Come & Go,Juice WRLD x Marshmello
54,Truth Hurts,Lizzo
55,If The World Was Ending,JP Saxe Featuring Julia Michaels
56,We Paid,Lil Baby & 42 Dugg
57,Yummy,Justin Bieber
58,One Man Band,Old Dominion
59,Got What I Got,Jason Aldean
60,Sunday Best,Surfaces
61,Godzilla,Eminem Featuring Juice WRLD
62,Bandit,Juice WRLD & YoungBoy Never Broke Again
63,Party Girl,StaySolidRocky
64,Die From A Broken Heart,Maddie & Tae
65,Popstar,DJ Khaled Featuring Drake
66,All I Want For Christmas Is You,Mariah Carey
67,One Of Them Girls,Lee Brice
68,Hard To Forget,Sam Hunt
69,One Margarita,Luke Bryan
70,Panini,Lil Nas X
71,Hot,Young Thug Featuring Gunna
72,I Hope You're Happy Now,Carly Pearce & Lee Brice
73,Emotionally Scarred,Lil Baby
74,Suicidal,YNW Melly & Juice WRLD
75,The Bigger Picture,Lil Baby
76,Only Human,Jonas Brothers
77,The Woo,Pop Smoke Featuring 50 Cent & Roddy Ricch
78,Sum 2 Prove,Lil Baby
79,Stuck With U,Ariana Grande & Justin Bieber
80,Mood Swings,Pop Smoke Featuring Lil Tjay
81,You Should Be Sad,Halsey
82,Dior,Pop Smoke
83,Supalonely,BENEE Featuring Gus Dapperton
84,Even Though I'm Leaving,Luke Combs
85,The Scotts,"THE SCOTTS, Travis Scott & Kid Cudi"
86,Juicy,Doja Cat & Tyga
87,Be Like That,Kane Brown With Swae Lee & Khalid
88,Homesick,Kane Brown
89,Rags2Riches,Rod Wave Featuring ATR Son Son
90,Bluebird,Miranda Lambert
91,Wishing Well,Juice WRLD
92,Does To Me,Luke Combs Featuring Eric Church
93,P*$$y Fairy (OTW),Jhene Aiko
94,ily,Surf Mesa Featuring Emilee
95,More Than My Hometown,Morgan Wallen
96,Lovin' On You,Luke Combs
97,Said Sum,Moneybagg Yo
98,Slide,H.E.R. Featuring YG
99,Walk Em Down,NLE Choppa Featuring Roddy Ricch
100,Old Town Road,Lil Nas X Featuring Billy Ray Cyrus
101,Sunflower (Spider-Man: Into The Spider-Verse),Post Malone & Swae Lee
102,Without Me,Halsey
103,Bad Guy,Billie Eilish
104,Wow.,Post Malone
105,Happier,Marshmello & Bastille
106,7 Rings,Ariana Grande
107,Talk,Khalid
108,Sicko Mode,Travis Scott
109,Sucker,Jonas Brothers
110,High Hopes,Panic! At The Disco
111,"Thank U, Next",Ariana Grande
112,Truth Hurts,Lizzo
113,Dancing With A Stranger,Sam Smith & Normani
114,Senorita,Shawn Mendes & Camila Cabello
115,I Don't Care,Ed Sheeran & Justin Bieber
116,Eastside,"benny blanco, Halsey & Khalid"
117,Going Bad,Meek Mill Featuring Drake
118,Shallow,Lady Gaga & Bradley Cooper
119,Better,Khalid
120,No Guidance,Chris Brown Featuring Drake
121,Girls Like You,Maroon 5 Featuring Cardi B
122,Sweet But Psycho,Ava Max
123,Suge,DaBaby
124,Middle Child,J. Cole
125,Drip Too Hard,Lil Baby & Gunna
126,Someone You Loved,Lewis Capaldi
127,Ran$om,Lil Tecca
128,If I Can't Have You,Shawn Mendes
129,Goodbyes,Post Malone Featuring Young Thug
130,ZEZE,Kodak Black Featuring Travis Scott & Offset
131,Better Now,Post Malone
132,Youngblood,5 Seconds Of Summer
133,Money In The Grave,Drake Featuring Rick Ross
134,Speechless,Dan + Shay
135,"Break Up With Your Girlfriend, I'm Bored",Ariana Grande
136,Please Me,Cardi B & Bruno Mars
137,Money,Cardi B
138,You Need To Calm Down,Taylor Swift
139,Panini,Lil Nas X
140,Look Back At It,A Boogie Wit da Hoodie
141,A Lot,21 Savage
142,ME!,Taylor Swift Featuring Brendon Urie
143,MIA,Bad Bunny Featuring Drake
144,Pop Out,Polo G Featuring Lil Tjay
145,Beautiful Crazy,Luke Combs
146,Thotiana,Blueface
147,Lucid Dreams,Juice WRLD
148,Mo Bamba,Sheck Wes
149,Beautiful People,Ed Sheeran Featuring Khalid
150,Wake Up In The Sky,Gucci Mane X Bruno Mars X Kodak Black
151,Whiskey Glasses,Morgan Wallen
152,God's Country,Blake Shelton
153,Be Alright,Dean Lewis
154,Pure Water,Mustard & Migos
155,The Git Up,Blanco Brown
156,Taki Taki,"DJ Snake Featuring Selena Gomez, Ozuna & Cardi B"
157,Close To Me,Ellie Goulding X Diplo Featuring Swae Lee
158,Envy Me,Calboy
159,You Say,Lauren Daigle
160,"Hey Look Ma, I Made It",Panic! At The Disco
161,Circles,Post Malone
162,Beer Never Broke My Heart,Luke Combs
163,The London,"Young Thug, J. Cole & Travis Scott"
164,Con Calma,Daddy Yankee & Katy Perry Featuring Snow
165,Murder On My Mind,YNW Melly
166,When The Party's Over,Billie Eilish
167,Act Up,City Girls
168,I Like It,"Cardi B, Bad Bunny & J Balvin"
169,Trampoline,SHAED
170,Leave Me Alone,Flipp Dinero
171,Breathin,Ariana Grande
172,Bury A Friend,Billie Eilish
173,Close Friends,Lil Baby
174,Baby Shark,Pinkfong
175,My Type,Saweetie
176,Worth It,YK Osiris
177,Only Human,Jonas Brothers
178,Knockin' Boots,Luke Bryan
179,Trip,Ella Mai
180,Rumor,Lee Brice
181,Swervin,A Boogie Wit da Hoodie Featuring 6ix9ine
182,How Do You Sleep?,Sam Smith
183,Baby,Lil Baby & DaBaby
184,Look What God Gave Her,Thomas Rhett
185,Good As You,Kane Brown
186,Clout,Offset Featuring Cardi B
187,Love Lies,Khalid & Normani
188,One Thing Right,Marshmello & Kane Brown
189,Cash Shit,Megan Thee Stallion Featuring DaBaby
190,Tequila,Dan + Shay
191,Shotta Flow,NLE Choppa
192,Hot Girl Summer,"Megan Thee Stallion, Nicki Minaj & Ty Dolla $ign"
193,Talk You Out Of It,Florida Georgia Line
194,Beautiful,Bazzi Featuring Camila Cabello
195,Eyes On You,Chase Rice
196,All To Myself,Dan + Shay
197,Boyfriend,Ariana Grande & Social House
198,Walk Me Home,P!nk
199,Robbery,Juice WRLD
200,God's Plan,Drake
201,Perfect,Ed Sheeran
202,Meant To Be,Bebe Rexha & Florida Georgia Line
203,Havana,Camila Cabello Featuring Young Thug
204,Rockstar,Post Malone Featuring 21 Savage
205,Psycho,Post Malone Featuring Ty Dolla $ign
206,I Like It,"Cardi B, Bad Bunny & J Balvin"
207,The Middle,"Zedd, Maren Morris & Grey"
208,In My Feelings,Drake
209,Girls Like You,Maroon 5 Featuring Cardi B
210,Nice For What,Drake
211,Lucid Dreams,Juice WRLD
212,Better Now,Post Malone
213,Finesse,Bruno Mars & Cardi B
214,Boo'd Up,Ella Mai
215,New Rules,Dua Lipa
216,Sad!,XXXTENTACION
217,Never Be The Same,Camila Cabello
218,Love Lies,Khalid & Normani
219,No Tears Left To Cry,Ariana Grande
220,Mine,Bazzi
221,Thunder,Imagine Dragons
222,Look Alive,BlocBoy JB Featuring Drake
223,Delicate,Taylor Swift
224,Yes Indeed,Lil Baby & Drake
225,Friends,Marshmello & Anne-Marie
226,Bad At Love,Halsey
227,Taste,Tyga Featuring Offset
228,Let You Down,NF
229,No Limit,G-Eazy Featuring A$AP Rocky & Cardi B
230,FEFE,6ix9ine Featuring Nicki Minaj & Murda Beatz
231,Tequila,Dan + Shay
232,Feel It Still,Portugal. The Man
233,MotorSport,"Migos, Nicki Minaj & Cardi B"
234,I Like Me Better,Lauv
235,Youngblood,5 Seconds Of Summer
236,Whatever It Takes,Imagine Dragons
237,Ric Flair Drip,Offset & Metro Boomin
238,I Fall Apart,Post Malone
239,Pray For Me,The Weeknd & Kendrick Lamar
240,Back To You,Selena Gomez
241,Sicko Mode,Travis Scott
242,Walk It Talk It,Migos Featuring Drake
243,Gucci Gang,Lil Pump
244,Him & I,G-Eazy & Halsey
245,In My Blood,Shawn Mendes
246,All The Stars,Kendrick Lamar & SZA
247,Stir Fry,Migos
248,Too Good At Goodbyes,Sam Smith
249,Love.,Kendrick Lamar Featuring Zacari
250,This Is America,Childish Gambino
251,Nonstop,Drake
252,Heaven,Kane Brown
253,Bodak Yellow (Money Moves),Cardi B
254,Freaky Friday,Lil Dicky Featuring Chris Brown
255,Gummo,6ix9ine
256,Plug Walk,Rich The Kid
257,Wait,Maroon 5
258,Be Careful,Cardi B
259,Wolves,Selena Gomez X Marshmello
260,Bartier Cardi,Cardi B Featuring 21 Savage
261,God Is A Woman,Ariana Grande
262,Big Bank,"YG Featuring 2 Chainz, Big Sean & Nicki Minaj"
263,Sorry Not Sorry,Demi Lovato
264,How Long,Charlie Puth
265,Lights Down Low,MAX Featuring gnash
266,Young Dumb & Broke,Khalid
267,One Kiss,Calvin Harris & Dua Lipa
268,Natural,Imagine Dragons
269,You Make It Easy,Jason Aldean
270,Shape Of You,Ed Sheeran
271,I Get The Bag,Gucci Mane Featuring Migos
272,No Brainer,"DJ Khaled Featuring Justin Bieber, Chance The Rapper & Quavo"
273,Plain Jane,A$AP Ferg Featuring Nicki Minaj
274,Sky Walker,Miguel Featuring Travis Scott
275,Marry Me,Thomas Rhett
276,Eastside,"benny blanco, Halsey & Khalid"
277,Call Out My Name,The Weeknd
278,King's Dead,"Jay Rock, Kendrick Lamar, Future & James Blake"
279,Happier,Marshmello & Bastille
280,Te Bote,"Casper Magico, Nio Garcia, Darell, Nicky Jam, Ozuna & Bad Bunny"
281,Simple,Florida Georgia Line
282,Lemon,N*E*R*D & Rihanna
283,1-800-273-8255,Logic Featuring Alessia Cara & Khalid
284,Say Something,Justin Timberlake Featuring Chris Stapleton
285,I'm Upset,Drake
286,Get Along,Kenny Chesney
287,Moonlight,XXXTENTACION
288,What Lovers Do,Maroon 5 Featuring SZA
289,X,Nicky Jam x J Balvin
290,Outside Today,YoungBoy Never Broke Again
291,Trip,Ella Mai
292,Dura,Daddy Yankee
293,Changes,XXXTENTACION
294,Mercy,Brett Young
295,One Number Away,Luke Combs
296,Powerglide,Rae Sremmurd & Juicy J
297,IDGAF,Dua Lipa
298,Mi Gente,J Balvin & Willy William Featuring Beyonce
299,Believer,Imagine Dragons
300,Shape Of You,Ed Sheeran
301,Despacito,Luis Fonsi & Daddy Yankee Featuring Justin Bieber
302,That's What I Like,Bruno Mars
303,Humble.,Kendrick Lamar
304,Something Just Like This,The Chainsmokers & Coldplay
305,Bad And Boujee,Migos Featuring Lil Uzi Vert
306,Closer,The Chainsmokers Featuring Halsey
307,Body Like A Back Road,Sam Hunt
308,Believer,Imagine Dragons
309,Congratulations,Post Malone Featuring Quavo
310,Say You Won't Let Go,James Arthur
311,I'm The One,"DJ Khaled Featuring Justin Bieber, Quavo, Chance The Rapper & Lil Wayne"
312,XO TOUR Llif3,Lil Uzi Vert
313,Mask Off,Future
314,Unforgettable,French Montana Featuring Swae Lee
315,24K Magic,Bruno Mars
316,Stay,Zedd & Alessia Cara
317,Wild Thoughts,DJ Khaled Featuring Rihanna & Bryson Tiller
318,Black Beatles,Rae Sremmurd Featuring Gucci Mane
319,Starboy,The Weeknd Featuring Daft Punk
320,Location,Khalid
321,Attention,Charlie Puth
322,There's Nothing Holdin' Me Back,Shawn Mendes
323,Bodak Yellow (Money Moves),Cardi B
324,Redbone,Childish Gambino
325,I Don't Wanna Live Forever (Fifty Shades Darker),Zayn / Taylor Swift
326,It Ain't Me,Kygo x Selena Gomez
327,iSpy,KYLE Featuring Lil Yachty
328,Issues,Julia Michaels
329,Scars To Your Beautiful,Alessia Cara
330,1-800-273-8255,Logic Featuring Alessia Cara & Khalid
331,Slow Hands,Niall Horan
332,Love On The Brain,Rihanna
333,I Feel It Coming,The Weeknd Featuring Daft Punk
334,Bounce Back,Big Sean
335,Strip That Down,Liam Payne Featuring Quavo
336,Fake Love,Drake
337,Don't Wanna Know,Maroon 5 Featuring Kendrick Lamar
338,Look What You Made Me Do,Taylor Swift
339,Castle On The Hill,Ed Sheeran
340,Bad Things,Machine Gun Kelly x Camila Cabello
341,Paris,The Chainsmokers
342,Side To Side,Ariana Grande Featuring Nicki Minaj
343,Rockabye,Clean Bandit Featuring Sean Paul & Anne-Marie
344,Feel It Still,Portugal. The Man
345,Let Me Love You,DJ Snake Featuring Justin Bieber
346,Sorry Not Sorry,Demi Lovato
347,Bank Account,21 Savage
348,Can't Stop The Feeling!,Justin Timberlake
349,Mi Gente,J Balvin & Willy William Featuring Beyonce
350,Thunder,Imagine Dragons
351,T-Shirt,Migos
352,Rake It Up,Yo Gotti Featuring Nicki Minaj
353,Mercy,Shawn Mendes
354,Tunnel Vision,Kodak Black
355,Rockstar,Post Malone Featuring 21 Savage
356,In Case You Didn't Know,Brett Young
357,Heathens,twenty one pilots
358,Now Or Never,Halsey
359,Caroline,Amine
360,Rolex,Ayo & Teo
361,DNA.,Kendrick Lamar
362,Juju On That Beat (TZ Anthem),Zay Hilfigerrr & Zayion McCall
363,Swang,Rae Sremmurd
364,Passionfruit,Drake
365,Loyalty.,Kendrick Lamar Featuring Rihanna
366,Praying,Kesha
367,Goosebumps,Travis Scott
368,Cold,Maroon 5 Featuring Future
369,Broccoli,D.R.A.M. Featuring Lil Yachty
370,Slide,Calvin Harris Featuring Frank Ocean & Migos
371,What Ifs,Kane Brown Featuring Lauren Alaina
372,Chained To The Rhythm,Katy Perry Featuring Skip Marley
373,Feels,"Calvin Harris Featuring Pharrell Williams, Katy Perry & Big Sean"
374,All Time Low,Jon Bellion
375,Hurricane,Luke Combs
376,Too Good At Goodbyes,Sam Smith
377,Young Dumb & Broke,Khalid
378,Magnolia,Playboi Carti
379,Love Galore,SZA Featuring Travis Scott
380,Drowning,A Boogie Wit da Hoodie Featuring Kodak Black
381,Starving,Hailee Steinfeld & Grey Featuring Zedd
382,Both,Gucci Mane Featuring Drake
383,What About Us,P!nk
384,Swalla,Jason Derulo Featuring Nicki Minaj & Ty Dolla $ign
385,Slippery,Migos Featuring Gucci Mane
386,Sign Of The Times,Harry Styles
387,Water Under The Bridge,Adele
388,Malibu,Miley Cyrus
389,Down,Marian Hill
390,No Promises,Cheat Codes Featuring Demi Lovato
391,Treat You Better,Shawn Mendes
392,I Get The Bag,Gucci Mane Featuring Migos
393,Small Town Boy,Dustin Lynch
394,Everyday We Lit,YFN Lucci Featuring PnB Rock
395,Havana,Camila Cabello Featuring Young Thug
396,What Lovers Do,Maroon 5 Featuring SZA
397,Do Re Mi,blackbear
398,Look At Me!,XXXTENTACION
399,The Fighter,Keith Urban Featuring Carrie Underwood
400,Love Yourself,Justin Bieber
401,Sorry,Justin Bieber
402,One Dance,Drake Featuring WizKid & Kyla
403,Work,Rihanna Featuring Drake
404,Stressed Out,twenty one pilots
405,Panda,Desiigner
406,Hello,Adele
407,Don't Let Me Down,The Chainsmokers Featuring Daya
408,Can't Stop The Feeling!,Justin Timberlake
409,Closer,The Chainsmokers Featuring Halsey
410,Cheap Thrills,Sia Featuring Sean Paul
411,7 Years,Lukas Graham
412,Needed Me,Rihanna
413,My House,Flo Rida
414,I Took A Pill In Ibiza,Mike Posner
415,Work From Home,Fifth Harmony Featuring Ty Dolla $ign
416,This Is What You Came For,Calvin Harris Featuring Rihanna
417,Cake By The Ocean,DNCE
418,"Me, Myself & I",G-Eazy x Bebe Rexha
419,Ride,twenty one pilots
420,Heathens,twenty one pilots
421,Pillowtalk,Zayn
422,Stitches,Shawn Mendes
423,Hotline Bling,Drake
424,Cold Water,Major Lazer Featuring Justin Bieber & MO
425,Send My Love (To Your New Lover),Adele
426,Roses,The Chainsmokers Featuring Rozes
427,Treat You Better,Shawn Mendes
428,Too Good,Drake Featuring Rihanna
429,Low Life,Future Featuring The Weeknd
430,What Do You Mean?,Justin Bieber
431,The Hills,The Weeknd
432,Just Like Fire,P!nk
433,Broccoli,D.R.A.M. Featuring Lil Yachty
434,Don't,Bryson Tiller
435,Dangerous Woman,Ariana Grande
436,Jumpman,Drake & Future
437,I Hate U I Love U,gnash Featuring Olivia O'Brien
438,Here,Alessia Cara
439,Same Old Love,Selena Gomez
440,Controlla,Drake
441,Like I'm Gonna Lose You,Meghan Trainor Featuring John Legend
442,One Call Away,Charlie Puth
443,Let It Go,James Bay
444,No,Meghan Trainor
445,Never Forget You,Zara Larsson & MNEK
446,Let Me Love You,DJ Snake Featuring Justin Bieber
447,Don't Mind,Kent Jones
448,H.O.L.Y.,Florida Georgia Line
449,We Don't Talk Anymore,Charlie Puth Featuring Selena Gomez
450,Into You,Ariana Grande
451,Gold,Kiiara
452,Exchange,Bryson Tiller
453,679,Fetty Wap Featuring Remy Boyz
454,Oui,Jeremih
455,Hands To Myself,Selena Gomez
456,2 Phones,Kevin Gates
457,Starboy,The Weeknd Featuring Daft Punk
458,For Free,DJ Khaled Featuring Drake
459,Never Be Like You,Flume Featuring Kai
460,In The Night,The Weeknd
461,Me Too,Meghan Trainor
462,Ex's & Oh's,Elle King
463,Die A Happy Man,Thomas Rhett
464,White Iverson,Post Malone
465,Close,Nick Jonas Featuring Tove Lo
466,Unsteady,X Ambassadors
467,Sucker For Pain,"Lil Wayne, Wiz Khalifa & Imagine Dragons With Logic & Ty Dolla $ign Feat. X Ambassadors"
468,Down In The DM,Yo Gotti Featuring Nicki Minaj
469,Luv,Tory Lanez
470,Sorry,Beyonce
471,Can't Feel My Face,The Weeknd
472,Hymn For The Weekend,Coldplay
473,Say It,Tory Lanez
474,Antidote,Travis Scott
475,Lost Boy,Ruth B
476,Side To Side,Ariana Grande Featuring Nicki Minaj
477,"Sit Still, Look Pretty",Daya
478,Wildest Dreams,Taylor Swift
479,Middle,DJ Snake Featuring Bipolar Sunshine
480,On My Mind,Ellie Goulding
481,Pop Style,Drake Featuring The Throne
482,When We Were Young,Adele
483,Hide Away,Daya
484,Lean On,Major Lazer & DJ Snake Featuring MO
485,I Know What You Did Last Summer,Shawn Mendes & Camila Cabello
486,Watch Me,Silento
487,Back To Sleep,Chris Brown
488,No Limit,Usher Featuring Young Thug
489,Cut It,O.T. Genasis Featuring Young Dolph
490,Really Really,Kevin Gates
491,All In My Head (Flex),Fifth Harmony Featuring Fetty Wap
492,Starving,Hailee Steinfeld & Grey Featuring Zedd
493,Adventure Of A Lifetime,Coldplay
494,Humble And Kind,Tim McGraw
495,Wicked,Future
496,Tiimmy Turner,Desiigner
497,See You Again,Wiz Khalifa Featuring Charlie Puth
498,Perfect,One Direction
499,Uptown Funk!,Mark Ronson Featuring Bruno Mars
500,Thinking Out Loud,Ed Sheeran
501,See You Again,Wiz Khalifa Featuring Charlie Puth
502,Trap Queen,Fetty Wap
503,Sugar,Maroon 5
504,Shut Up And Dance,WALK THE MOON
505,Blank Space,Taylor Swift
506,Watch Me,Silento
507,Earned It (Fifty Shades Of Grey),The Weeknd
508,The Hills,The Weeknd
509,Cheerleader,OMI
510,Can't Feel My Face,The Weeknd
511,Love Me Like You Do,Ellie Goulding
512,Take Me To Church,Hozier
513,Bad Blood,Taylor Swift Featuring Kendrick Lamar
514,Lean On,Major Lazer & DJ Snake Featuring MO
515,Want To Want Me,Jason Derulo
516,Shake It Off,Taylor Swift
517,Where Are U Now,Skrillex & Diplo With Justin Bieber
518,Fight Song,Rachel Platten
519,679,Fetty Wap Featuring Remy Boyz
520,Lips Are Movin,Meghan Trainor
521,Worth It,Fifth Harmony Featuring Kid Ink
522,Post To Be,Omarion Featuring Chris Brown & Jhene Aiko
523,"Honey, I'm Good.",Andy Grammer
524,I'm Not The Only One,Sam Smith
525,Good For You,Selena Gomez Featuring A$AP Rocky
526,All About That Bass,Meghan Trainor
527,Style,Taylor Swift
528,Hotline Bling,Drake
529,Hey Mama,"David Guetta Featuring Nicki Minaj, Bebe Rexha & Afrojack"
530,G.D.F.R.,Flo Rida Featuring Sage The Gemini & Lookas
531,What Do You Mean?,Justin Bieber
532,Photograph,Ed Sheeran
533,Hello,Adele
534,Stitches,Shawn Mendes
535,Talking Body,Tove Lo
536,Jealous,Nick Jonas
537,Time Of Our Lives,Pitbull & Ne-Yo
538,Locked Away,R. City Featuring Adam Levine
539,Somebody,Natalie La Rose Featuring Jeremih
540,FourFiveSeconds,Rihanna & Kanye West & Paul McCartney
541,Centuries,Fall Out Boy
542,My Way,Fetty Wap Featuring Monty
543,Take Your Time,Sam Hunt
544,Animals,Maroon 5
545,I Don't F**k With You,Big Sean Featuring E-40
546,B**** Better Have My Money,Rihanna
547,Flex (Ooh Ooh Ooh),Rich Homie Quan
548,Nasty Freestyle,T-Wayne
549,Only,"Nicki Minaj Featuring Drake, Lil Wayne & Chris Brown"
550,Elastic Heart,Sia
551,Cool For The Summer,Demi Lovato
552,Renegades,X Ambassadors
553,I Don't Mind,Usher Featuring Juicy J
554,Love Me Harder,Ariana Grande & The Weeknd
555,Wildest Dreams,Taylor Swift
556,Stay With Me,Sam Smith
557,You Know You Like It,DJ Snake & AlunaGeorge
558,Uma Thurman,Fall Out Boy
559,7/11,Beyonce
560,The Heart Wants What It Wants,Selena Gomez
561,Girl Crush,Little Big Town
562,Slow Motion,Trey Songz
563,Drag Me Down,One Direction
564,Truffle Butter,Nicki Minaj Featuring Drake & Lil Wayne
565,One Last Time,Ariana Grande
566,Chains,Nick Jonas
567,All Eyes On You,Meek Mill Featuring Chris Brown & Nicki Minaj
568,No Type,Rae Sremmurd
569,Riptide,Vance Joy
570,Classic Man,Jidenna Featuring Roman GianArthur
571,Ex's & Oh's,Elle King
572,Dear Future Husband,Meghan Trainor
573,Marvin Gaye,Charlie Puth Featuring Meghan Trainor
574,Like I'm Gonna Lose You,Meghan Trainor Featuring John Legend
575,Habits (Stay High),Tove Lo
576,The Hanging Tree,James Newton Howard Featuring Jennifer Lawrence
577,CoCo,O.T. Genasis
578,Bang Bang,"Jessie J, Ariana Grande & Nicki Minaj"
579,Lay Me Down,Sam Smith
580,Tuesday,I LOVE MAKONNEN Featuring Drake
581,Hit The Quan,iLoveMemphis
582,Downtown,"Macklemore & Ryan Lewis Featuring Eric Nally, Melle Mel, Kool Moe Dee & Grandmaster Caz"
583,House Party,Sam Hunt
584,Ayo,Chris Brown & Tyga
585,Kick The Dust Up,Luke Bryan
586,Blessings,Big Sean Featuring Drake
587,Budapest,George Ezra
588,Chandelier,Sia
589,Heartbeat Song,Kelly Clarkson
590,Don't,Ed Sheeran
591,Ghost,Ella Henderson
592,Here,Alessia Cara
593,Waves,Mr. Probz
594,El Perdon (Forgiveness),Nicky Jam & Enrique Iglesias
595,She Knows,Ne-Yo Featuring Juicy J
596,Night Changes,One Direction
597,Back To Back,Drake
598,How Deep Is Your Love,Calvin Harris & Disciples
599,Happy,Pharrell Williams
600,Dark Horse,Katy Perry Featuring Juicy J
601,All Of Me,John Legend
602,Fancy,Iggy Azalea Featuring Charli XCX
603,Counting Stars,OneRepublic
604,Talk Dirty,Jason Derulo Featuring 2 Chainz
605,Rude,MAGIC!
606,All About That Bass,Meghan Trainor
607,Problem,Ariana Grande Featuring Iggy Azalea
608,Stay With Me,Sam Smith
609,Timber,Pitbull Featuring Ke$ha
610,Pompeii,Bastille
611,Shake It Off,Taylor Swift
612,Am I Wrong,Nico & Vinz
613,Turn Down For What,DJ Snake & Lil Jon
614,The Monster,Eminem Featuring Rihanna
615,Say Something,A Great Big World & Christina Aguilera
616,Team,Lorde
617,Let Her Go,Passenger
618,Royals,Lorde
619,Let It Go,Idina Menzel
620,Wake Me Up!,Avicii
621,Demons,Imagine Dragons
622,Story Of My Life,One Direction
623,Chandelier,Sia
624,Black Widow,Iggy Azalea Featuring Rita Ora
625,Bang Bang,"Jessie J, Ariana Grande & Nicki Minaj"
626,Latch,Disclosure Featuring Sam Smith
627,Maps,Maroon 5
628,Loyal,Chris Brown Featuring Lil Wayne & French Montana Or Too $hort Or Tyga
629,Best Day Of My Life,American Authors
630,Habits (Stay High),Tove Lo
631,Summer,Calvin Harris
632,Boom Clap,Charli XCX
633,Drunk In Love,Beyonce Featuring Jay Z
634,Anaconda,Nicki Minaj
635,Break Free,Ariana Grande Featuring Zedd
636,Bailando,Enrique Iglesias Featuring Descemer Bueno & Gente de Zona
637,Burn,Ellie Goulding
638,Wiggle,Jason Derulo Featuring Snoop Dogg
639,Rather Be,Clean Bandit Featuring Jess Glynne
640,Don't Tell 'Em,Jeremih Featuring YG
641,Show Me,Kid Ink Featuring Chris Brown
642,Wrecking Ball,Miley Cyrus
643,Not A Bad Thing,Justin Timberlake
644,Roar,Katy Perry
645,Ain't It Fun,Paramore
646,The Man,Aloe Blacc
647,This Is How We Roll,Florida Georgia Line Featuring Luke Bryan
648,Classic,MKTO
649,A Sky Full Of Stars,Coldplay
650,Don't,Ed Sheeran
651,Na Na,Trey Songz
652,Hot Boy,Bobby Shmurda
653,"Hold On, We're Going Home",Drake Featuring Majid Jordan
654,Sing,Ed Sheeran
655,Radioactive,Imagine Dragons
656,My Hitta,YG Featuring Jeezy & Rich Homie Quan
657,Cool Kids,Echosmith
658,Hey Brother,Avicii
659,Trumpets,Jason Derulo
660,Animals,Maroon 5
661,Burnin' It Down,Jason Aldean
662,Play It Again,Luke Bryan
663,2 On,Tinashe Featuring ScHoolboy Q
664,Dirt,Florida Georgia Line
665,Love Runs Out,OneRepublic
666,Bottoms Up,Brantley Gilbert
667,Shower,Becky G
668,Me And My Broken Heart,Rixton
669,Animals,Martin Garrix
670,Lifestyle,Rich Gang Featuring Young Thug & Rich Homie Quan
671,American Kids,Kenny Chesney
672,Brave,Sara Bareilles
673,Sweater Weather,The Neighbourhood
674,Leave The Night On,Sam Hunt
675,New Flame,Chris Brown Featuring Usher & Rick Ross
676,Love Never Felt So Good,Michael Jackson & Justin Timberlake
677,Drunk On A Plane,Dierks Bentley
678,Birthday,Katy Perry
679,Bartender,Lady Antebellum
680,La La La,Naughty Boy Featuring Sam Smith
681,Blurred Lines,Robin Thicke Featuring T.I. + Pharrell
682,Do What U Want,Lady Gaga Featuring R. Kelly
683,Can't Remember To Forget You,Shakira Featuring Rihanna
684,Amnesia,5 Seconds Of Summer
685,No Mediocre,T.I. Featuring Iggy Azalea
686,Come With Me Now,KONGOS
687,Believe Me,Lil Wayne Featuring Drake
688,23,"Mike WiLL Made-It Featuring Miley Cyrus, Wiz Khalifa & Juicy J"
689,Beachin',Jake Owen
690,White Walls,Macklemore & Ryan Lewis Featuring ScHoolboy Q & Hollis
691,She Looks So Perfect,5 Seconds Of Summer
692,Stay The Night,Zedd Featuring Hayley Williams
693,Partition,Beyonce
694,Studio,ScHoolboy Q Featuring BJ The Chicago Kid
695,0 To 100 / The Catch Up,Drake
696,I Don't Dance,Lee Brice
697,Somethin' Bad,Miranda Lambert Duet With Carrie Underwood
698,Adore You,Miley Cyrus
699,Thrift Shop,Macklemore & Ryan Lewis Featuring Wanz
700,Blurred Lines,Robin Thicke Featuring T.I. + Pharrell
701,Radioactive,Imagine Dragons
702,Harlem Shake,Baauer
703,Can't Hold Us,Macklemore & Ryan Lewis Featuring Ray Dalton
704,Mirrors,Justin Timberlake
705,Just Give Me A Reason,P!nk Featuring Nate Ruess
706,When I Was Your Man,Bruno Mars
707,Cruise,Florida Georgia Line Featuring Nelly
708,Roar,Katy Perry
709,Locked Out Of Heaven,Bruno Mars
710,Ho Hey,The Lumineers
711,Stay,Rihanna Featuring Mikky Ekko
712,Get Lucky,Daft Punk Featuring Pharrell Williams
713,Royals,Lorde
714,I Knew You Were Trouble.,Taylor Swift
715,We Can't Stop,Miley Cyrus
716,Wrecking Ball,Miley Cyrus
717,Wake Me Up!,Avicii
718,Suit & Tie,Justin Timberlake Featuring JAY Z
719,Cups (Pitch Perfect's When I'm Gone),Anna Kendrick
720,Holy Grail,Jay Z Featuring Justin Timberlake
721,Scream & Shout,will.i.am & Britney Spears
722,Clarity,Zedd Featuring Foxes
723,Sail,AWOLNATION
724,Don't You Worry Child,Swedish House Mafia Featuring John Martin
725,Diamonds,Rihanna
726,I Love It,Icona Pop Featuring Charli XCX
727,Safe And Sound,Capital Cities
728,Treasure,Bruno Mars
729,The Way,Ariana Grande Featuring Mac Miller
730,Started From The Bottom,Drake
731,Come & Get It,Selena Gomez
732,"Hold On, We're Going Home",Drake Featuring Majid Jordan
733,Daylight,Maroon 5
734,Feel This Moment,Pitbull Featuring Christina Aguilera
735,Applause,Lady Gaga
736,One More Night,Maroon 5
737,Love Me,Lil Wayne Featuring Drake & Future
738,My Songs Know What You Did In The Dark (Light Em Up),Fall Out Boy
739,F**kin Problems,"A$AP Rocky Featuring Drake, 2 Chainz & Kendrick Lamar"
740,Beauty And A Beat,Justin Bieber Featuring Nicki Minaj
741,Same Love,Macklemore & Ryan Lewis Featuring Mary Lambert
742,Sweet Nothing,Calvin Harris Featuring Florence Welch
743,Summertime Sadness,Lana Del Rey & Cedric Gervais
744,Home,Phillip Phillips
745,It's Time,Imagine Dragons
746,Power Trip,J. Cole Featuring Miguel
747,Girl On Fire,Alicia Keys Featuring Nicki Minaj
748,Heart Attack,Demi Lovato
749,Love Somebody,Maroon 5
750,I Will Wait,Mumford & Sons
751,Try,P!nk
752,Wagon Wheel,Darius Rucker
753,Gangnam Style,PSY
754,I Need Your Love,Calvin Harris Featuring Ellie Goulding
755,Die Young,Ke$ha
756,Some Nights,fun.
757,Bad,Wale Featuring Tiara Thomas Or Rihanna
758,Boys 'round Here,Blake Shelton Featuring Pistol Annies & Friends
759,"Gone, Gone, Gone",Phillip Phillips
760,Demons,Imagine Dragons
761,Counting Stars,OneRepublic
762,I Cry,Flo Rida
763,Little Talks,Of Monsters And Men
764,The Other Side,Jason Derulo
765,Berzerk,Eminem
766,Catch My Breath,Kelly Clarkson
767,Crash My Party,Luke Bryan
768,Pour It Up,Rihanna
769,22,Taylor Swift
770,I Want Crazy,Hunter Hayes
771,The Fox,Ylvis
772,Best Song Ever,One Direction
773,The A Team,Ed Sheeran
774,Carry On,fun.
775,Highway Don't Care,Tim McGraw With Taylor Swift
776,That's My Kind Of Night,Luke Bryan
777,Swimming Pools (Drank),Kendrick Lamar
778,Sure Be Cool If You Did,Blake Shelton
779,#Beautiful,Mariah Carey Featuring Miguel
780,Troublemaker,Olly Murs Featuring Flo Rida
781,Body Party,Ciara
782,Adorn,Miguel
783,Hall Of Fame,The Script Featuring will.i.am
784,Let Me Love You (Until You Learn To Love Yourself),Ne-Yo
785,U.O.E.N.O.,Rocko Featuring Future & Rick Ross
786,Next To Me,Emeli Sande
787,Mama's Broken Heart,Miranda Lambert
788,It Goes Like This,Thomas Rhett
789,Bugatti,Ace Hood Featuring Future & Rick Ross
790,Wanted,Hunter Hayes
791,Downtown,Lady Antebellum
792,Get Your Shine On,Florida Georgia Line
793,#thatPOWER,will.i.am Featuring Justin Bieber
794,Brave,Sara Bareilles
795,Let Her Go,Passenger
796,Runnin' Outta Moonlight,Randy Houser
797,I'm Different,2 Chainz
798,Still Into You,Paramore
799,Somebody That I Used To Know,Gotye Featuring Kimbra
800,Call Me Maybe,Carly Rae Jepsen
801,We Are Young,fun. Featuring Janelle Monae
802,Payphone,Maroon 5 Featuring Wiz Khalifa
803,Lights,Ellie Goulding
804,Glad You Came,The Wanted
805,Stronger (What Doesn't Kill You),Kelly Clarkson
806,We Found Love,Rihanna Featuring Calvin Harris
807,Starships,Nicki Minaj
808,What Makes You Beautiful,One Direction
809,Wild Ones,Flo Rida Featuring Sia
810,Set Fire To The Rain,Adele
811,Sexy And I Know It,LMFAO
812,Some Nights,fun.
813,Wide Awake,Katy Perry
814,Good Feeling,Flo Rida
815,Whistle,Flo Rida
816,One More Night,Maroon 5
817,Drive By,Train
818,The Motto,Drake Featuring Lil Wayne
819,Where Have You Been,Rihanna
820,Everybody Talks,Neon Trees
821,Take Care,Drake Featuring Rihanna
822,Titanium,David Guetta Featuring Sia
823,I Won't Give Up,Jason Mraz
824,It Will Rain,Bruno Mars
825,Mercy,"Kanye West, Big Sean, Pusha T, 2 Chainz"
826,Boyfriend,Justin Bieber
827,Party Rock Anthem,LMFAO Featuring Lauren Bennett & GoonRock
828,Too Close,Alex Clare
829,Part Of Me,Katy Perry
830,"Young, Wild & Free",Snoop Dogg & Wiz Khalifa Featuring Bruno Mars
831,We Are Never Ever Getting Back Together,Taylor Swift
832,As Long As You Love Me,Justin Bieber Featuring Big Sean
833,Turn Me On,David Guetta Featuring Nicki Minaj
834,Moves Like Jagger,Maroon 5 Featuring Christina Aguilera
835,Blow Me (One Last Kiss),P!nk
836,Good Time,Owl City & Carly Rae Jepsen
837,Give Your Heart A Break,Demi Lovato
838,Ni**as in Paris,Jay Z Kanye West
839,The One That Got Away,Katy Perry
840,Feel So Close,Calvin Harris
841,Someone Like You,Adele
842,Scream,Usher
843,Rack City,Tyga
844,Domino,Jessie J
845,Gangnam Style,PSY
846,International Love,Pitbull Featuring Chris Brown
847,Home,Phillip Phillips
848,Without You,David Guetta Featuring Usher
849,Ass Back Home,Gym Class Heroes Featuring Neon Hitch
850,Wanted,Hunter Hayes
851,Drunk On You,Luke Bryan
852,No Lie,2 Chainz Featuring Drake
853,Want U Back,Cher Lloyd
854,Don't Wake Me Up,Chris Brown
855,Dance (A$$),Big Sean Featuring Nicki Minaj
856,Springsteen,Eric Church
857,Brokenhearted,Karmin
858,Not Over You,Gavin DeGraw
859,Stereo Hearts,Gym Class Heroes Featuring Adam Levine
860,Back In Time,Pitbull
861,Work Out,J. Cole
862,Rumour Has It,Adele
863,Let's Go,Calvin Harris Featuring Ne-Yo
864,Good Girl,Carrie Underwood
865,Pontoon,Little Big Town
866,Ho Hey,The Lumineers
867,Paradise,Coldplay
868,Blown Away,Carrie Underwood
869,Rolling In The Deep,Adele
870,Climax,Usher
871,"Work Hard, Play Hard",Wiz Khalifa
872,Let Me Love You (Until You Learn To Love Yourself),Ne-Yo
873,Pound The Alarm,Nicki Minaj
874,Come Over,Kenny Chesney
875,Heart Attack,Trey Songz
876,Drank In My Cup,Kirko Bangz
877,Birthday Cake,Rihanna Featuring Chris Brown
878,So Good,B.o.B
879,50 Ways To Say Goodbye,Train
880,Red Solo Cup,Toby Keith
881,Love You Like A Love Song,Selena Gomez & The Scene
882,Turn Up The Music,Chris Brown
883,Die Young,Ke$ha
884,5 O'Clock,T-Pain Featuring Wiz Khalifa & Lily Allen
885,A Thousand Years,Christina Perri
886,Take A Little Ride,Jason Aldean
887,You Da One,Rihanna
888,We Run The Night,Havana Brown Featuring Pitbull
889,It's Time,Imagine Dragons
890,Cashin' Out,Ca$h Out
891,I Don't Want This Night To End,Luke Bryan
892,Diamonds,Rihanna
893,Hard To Love,Lee Brice
894,Somethin' 'Bout A Truck,Kip Moore
895,Adorn,Miguel
896,Fly Over States,Jason Aldean
897,Even If It Breaks Your Heart,Eli Young Band
898,Burn It Down,Linkin Park
899,Rolling In The Deep,Adele
900,Party Rock Anthem,LMFAO Featuring Lauren Bennett & GoonRock
901,Firework,Katy Perry
902,E.T.,Katy Perry Featuring Kanye West
903,Give Me Everything,"Pitbull Featuring Ne-Yo, Afrojack & Nayer"
904,Grenade,Bruno Mars
905,Super Bass,Nicki Minaj
906,Moves Like Jagger,Maroon 5 Featuring Christina Aguilera
907,Just Can't Get Enough,The Black Eyed Peas
908,On The Floor,Jennifer Lopez Featuring Pitbull
909,S&M,Rihanna
910,Pumped Up Kicks,Foster The People
911,Last Friday Night (T.G.I.F.),Katy Perry
912,Just The Way You Are,Bruno Mars
913,Tonight (I'm Lovin' You),Enrique Iglesias Featuring Ludacris & DJ Frank E
914,Raise Your Glass,P!nk
915,Born This Way,Lady Gaga
916,F**kin' Perfect,P!nk
917,What's My Name?,Rihanna Featuring Drake
918,Look At Me Now,Chris Brown Featuring Lil Wayne & Busta Rhymes
919,Down On Me,Jeremih Featuring 50 Cent
920,How To Love,Lil Wayne
921,Someone Like You,Adele
922,Good Life,OneRepublic
923,The Lazy Song,Bruno Mars
924,Till The World Ends,Britney Spears
925,The Show Goes On,Lupe Fiasco
926,The Edge Of Glory,Lady Gaga
927,We R Who We R,Ke$ha
928,Black And Yellow,Wiz Khalifa
929,Tonight Tonight,Hot Chelle Rae
930,Blow,Ke$ha
931,Lighters,Bad Meets Evil Featuring Bruno Mars
932,If I Die Young,The Band Perry
933,Stereo Hearts,Gym Class Heroes Featuring Adam Levine
934,The Time (Dirty Bit),The Black Eyed Peas
935,Coming Home,Diddy - Dirty Money Featuring Skylar Grey
936,Hey Baby (Drop It To The Floor),Pitbull Featuring T-Pain
937,Only Girl (In The World),Rihanna
938,6 Foot 7 Foot,Lil Wayne Featuring Cory Gunz
939,Just A Kiss,Lady Antebellum
940,Dirt Road Anthem,Jason Aldean
941,Dynamite,Taio Cruz
942,No Hands,Waka Flocka Flame Featuring Roscoe Dash & Wale
943,I Wanna Go,Britney Spears
944,I'm On One,"DJ Khaled Featuring Drake, Rick Ross & Lil Wayne"
945,You Make Me Feel...,Cobra Starship Featuring Sabi
946,Yeah 3X,Chris Brown
947,Moment 4 Life,Nicki Minaj Featuring Drake
948,I Need A Doctor,Dr. Dre Featuring Eminem & Skylar Grey
949,Just A Dream,Nelly
950,Motivation,Kelly Rowland Featuring Lil Wayne
951,Stereo Love,Edward Maya & Vika Jigulina
952,Jar Of Hearts,Christina Perri
953,Roll Up,Wiz Khalifa
954,Sexy And I Know It,LMFAO
955,Rocketeer,Far*East Movement Featuring Ryan Tedder
956,All Of The Lights,Kanye West
957,Hold It Against Me,Britney Spears
958,More,Usher
959,What The Hell,Avril Lavigne
960,Written In The Stars,Tinie Tempah Featuring Eric Turner
961,Bottoms Up,Trey Songz Featuring Nicki Minaj
962,DJ Got Us Fallin' In Love,Usher Featuring Pitbull
963,For The First Time,The Script
964,Honey Bee,Blake Shelton
965,Don't You Wanna Stay,Jason Aldean With Kelly Clarkson
966,We Found Love,Rihanna Featuring Calvin Harris
967,Pretty Girl Rock,Keri Hilson
968,You And I,Lady Gaga
969,Like A G6,Far*East Movement Featuring Cataracs & Dev
970,Without You,David Guetta Featuring Usher
971,Back To December,Taylor Swift
972,Teenage Dream,Katy Perry
973,Crazy Girl,Eli Young Band
974,Cheers (Drink To That),Rihanna
975,Who Says,Selena Gomez & The Scene
976,Barefoot Blue Jean Night,Jake Owen
977,Knee Deep,Zac Brown Band Featuring Jimmy Buffett
978,Country Girl (Shake It For Me),Luke Bryan
979,Remind Me,Brad Paisley Duet With Carrie Underwood
980,In The Dark,Dev
981,Backseat,New Boyz Featuring The Cataracs & Dev
982,Headlines,Drake
983,Best Thing I Never Had,Beyonce
984,Don't Wanna Go Home,Jason Derulo
985,Where Them Girls At,David Guetta Featuring Flo Rida & Nicki Minaj
986,She Ain't You,Chris Brown
987,Take A Back Road,Rodney Atkins
988,Please Don't Go,Mike Posner
989,Sure Thing,Miguel
990,Price Tag,Jessie J Featuring B.o.B
991,God Gave Me You,Blake Shelton
992,She Will,Lil Wayne Featuring Drake
993,Are You Gonna Kiss Me Or Not,Thompson Square
994,Animal,Neon Trees
995,You And Tequila,Kenny Chesney Featuring Grace Potter
996,Colder Weather,Zac Brown Band
997,My Last,Big Sean Featuring Chris Brown
998,TiK ToK,Ke$ha
999,Need You Now,Lady Antebellum
1000,"Hey, Soul Sister",Train
1001,California Gurls,Katy Perry Featuring Snoop Dogg
1002,OMG,Usher Featuring will.i.am
1003,Airplanes,B.o.B Featuring Hayley Williams
1004,Love The Way You Lie,Eminem Featuring Rihanna
1005,Bad Romance,Lady Gaga
1006,Dynamite,Taio Cruz
1007,Break Your Heart,Taio Cruz Featuring Ludacris
1008,Nothin' On You,B.o.B Featuring Bruno Mars
1009,I Like It,Enrique Iglesias Featuring Pitbull
1010,BedRock,Young Money Featuring Lloyd
1011,In My Head,Jason Derulo
1012,Rude Boy,Rihanna
1013,Telephone,Lady Gaga Featuring Beyonce
1014,Teenage Dream,Katy Perry
1015,Just The Way You Are,Bruno Mars
1016,Cooler Than Me,Mike Posner
1017,Imma Be,The Black Eyed Peas
1018,Empire State Of Mind,Jay-Z + Alicia Keys
1019,DJ Got Us Fallin' In Love,Usher Featuring Pitbull
1020,Billionaire,Travie McCoy Featuring Bruno Mars
1021,Not Afraid,Eminem
1022,Replay,Iyaz
1023,Sexy Chick,David Guetta Featuring Akon
1024,Breakeven,The Script
1025,Your Love Is My Drug,Ke$ha
1026,I Gotta Feeling,The Black Eyed Peas
1027,Fireflies,Owl City
1028,Say Aah,Trey Songz Featuring Fabolous
1029,Find Your Love,Drake
1030,Alejandro,Lady Gaga
1031,Ridin' Solo,Jason Derulo
1032,Just A Dream,Nelly
1033,How Low,Ludacris
1034,Like A G6,Far*East Movement Featuring Cataracs & Dev
1035,Carry Out,Timbaland Featuring Justin Timberlake
1036,Haven't Met You Yet,Michael Buble
1037,Club Can't Handle Me,Flo Rida Featuring David Guetta
1038,Down,Jay Sean Featuring Lil Wayne
1039,Bulletproof,La Roux
1040,Whatcha Say,Jason Derulo
1041,Baby,Justin Bieber Featuring Ludacris
1042,Whataya Want From Me,Adam Lambert
1043,Mine,Taylor Swift
1044,Only Girl (In The World),Rihanna
1045,Live Like We're Dying,Kris Allen
1046,Hard,Rihanna Featuring Jeezy
1047,Young Forever,Jay-Z + Mr. Hudson
1048,Blah Blah Blah,Ke$ha Featuring 3OH!3
1049,Bottoms Up,Trey Songz Featuring Nicki Minaj
1050,Do You Remember,Jay Sean Featuring Sean Paul & Lil Jon
1051,All The Right Moves,OneRepublic
1052,According To You,Orianthi
1053,My Chick Bad,Ludacris Featuring Nicki Minaj
1054,You Belong With Me,Taylor Swift
1055,Meet Me Halfway,The Black Eyed Peas
1056,Take It Off,Ke$ha
1057,Over,Drake
1058,Animal,Neon Trees
1059,Misery,Maroon 5
1060,Magic,B.o.B Featuring Rivers Cuomo
1061,Paparazzi,Lady Gaga
1062,Tie Me Down,New Boyz Featuring Ray J
1063,Your Love,Nicki Minaj
1064,Party In The U.S.A.,Miley Cyrus
1065,Deuces,Chris Brown Featuring Tyga & Kevin McCall
1066,3,Britney Spears
1067,Impossible,Shontelle
1068,Forever,"Drake Featuring Kanye West, Lil Wayne & Eminem"
1069,Two Is Better Than One,Boys Like Girls Featuring Taylor Swift
1070,My First Kiss,3OH!3 Featuring Ke$ha
1071,Already Gone,Kelly Clarkson
1072,Rock That Body,The Black Eyed Peas
1073,Secrets,OneRepublic
1074,Naturally,Selena Gomez & The Scene
1075,Un-Thinkable (I'm Ready),Alicia Keys
1076,All I Do Is Win,"DJ Khaled Featuring T-Pain, Ludacris, Snoop Dogg & Rick Ross"
1077,I Made It (Cash Money Heroes),"Kevin Rudolf Featuring Birdman, Jay Sean, & Lil Wayne"
1078,Stuck Like Glue,Sugarland
1079,Hey Daddy (Daddy's Home),Usher Featuring Plies
1080,There Goes My Baby,Usher
1081,Today Was A Fairytale,Taylor Swift
1082,Say Something,Timbaland Featuring Drake
1083,Sweet Dreams,Beyonce
1084,Use Somebody,Kings Of Leon
1085,Undo It,Carrie Underwood
1086,Eenie Meenie,Sean Kingston & Justin Bieber
1087,Right Above It,Lil Wayne Featuring Drake
1088,The House That Built Me,Miranda Lambert
1089,If I Die Young,The Band Perry
1090,The Only Exception,Paramore
1091,American Honey,Lady Antebellum
1092,King Of Anything,Sara Bareilles
1093,Life After You,Daughtry
1094,Smile,Uncle Kracker
1095,Teach Me How To Dougie,Cali Swag District
1096,Try Sleeping With A Broken Heart,Alicia Keys
1097,"Lover, Lover",Jerrod Niemann
1098,Boom Boom Pow,The Black Eyed Peas
1099,Poker Face,Lady Gaga
1100,Just Dance,Lady Gaga Featuring Colby O'Donis
1101,I Gotta Feeling,The Black Eyed Peas
1102,Love Story,Taylor Swift
1103,Right Round,Flo Rida
1104,I'm Yours,Jason Mraz
1105,Single Ladies (Put A Ring On It),Beyonce
1106,Heartless,Kanye West
1107,Gives You Hell,The All-American Rejects
1108,You Belong With Me,Taylor Swift
1109,Dead And Gone,T.I. Featuring Justin Timberlake
1110,You Found Me,The Fray
1111,Use Somebody,Kings Of Leon
1112,Knock You Down,Keri Hilson Featuring Kanye West & Ne-Yo
1113,Blame It,Jamie Foxx Featuring T-Pain
1114,I Know You Want Me (Calle Ocho),Pitbull
1115,Live Your Life,T.I. Featuring Rihanna
1116,Kiss Me Thru The Phone,Soulja Boy Tell 'em Featuring Sammie
1117,Down,Jay Sean Featuring Lil Wayne
1118,The Climb,Miley Cyrus
1119,Best I Ever Had,Drake
1120,My Life Would Suck Without You,Kelly Clarkson
1121,Halo,Beyonce
1122,Hot N Cold,Katy Perry
1123,Second Chance,Shinedown
1124,Circus,Britney Spears
1125,Day 'N' Nite,Kid Cudi
1126,Party In The U.S.A.,Miley Cyrus
1127,Don't Trust Me,3OH!3
1128,Run This Town,"Jay-Z, Rihanna & Kanye West"
1129,Let It Rock,Kevin Rudolf Featuring Lil Wayne
1130,Fire Burning,Sean Kingston
1131,Whatcha Say,Jason Derulo
1132,LoveGame,Lady Gaga
1133,Waking Up In Vegas,Katy Perry
1134,Birthday Sex,Jeremih
1135,Sober,P!nk
1136,Womanizer,Britney Spears
1137,Whatever You Like,T.I.
1138,Obsessed,Mariah Carey
1139,Mad,Ne-Yo
1140,Good Girls Go Bad,Cobra Starship Featuring Leighton Meester
1141,Love Lockdown,Kanye West
1142,So What,P!nk
1143,Hotel Room Service,Pitbull
1144,Crack A Bottle,"Eminem, Dr. Dre & 50 Cent"
1145,If I Were A Boy,Beyonce
1146,Turnin Me On,Keri Hilson Featuring Lil Wayne
1147,I Hate This Part,The Pussycat Dolls
1148,Gotta Be Somebody,Nickelback
1149,Please Don't Leave Me,P!nk
1150,Paparazzi,Lady Gaga
1151,Beautiful,Akon Featuring Colby O'Donis & Kardinal Offishall
1152,Viva La Vida,Coldplay
1153,Right Now (Na Na Na),Akon
1154,Battlefield,Jordin Sparks
1155,Sugar,Flo Rida Featuring Wynter
1156,Miss Independent,Ne-Yo
1157,Fireflies,Owl City
1158,New Divide,Linkin Park
1159,Empire State Of Mind,Jay-Z + Alicia Keys
1160,No Surprise,Daughtry
1161,She Wolf,Shakira
1162,Break Up,Mario Featuring Gucci Mane & Sean Garrett
1163,Sweet Dreams,Beyonce
1164,Every Girl,Young Money
1165,Fallin' For You,Colbie Caillat
1166,Untouched,The Veronicas
1167,If Today Was Your Last Day,Nickelback
1168,Throw It In The Bag,Fabolous Featuring The-Dream
1169,Love Drunk,Boys Like Girls
1170,I Love College,Asher Roth
1171,If U Seek Amy,Britney Spears
1172,Big Green Tractor,Jason Aldean
1173,White Horse,Taylor Swift
1174,Disturbia,Rihanna
1175,21 Guns,Green Day
1176,Turn My Swag On,Soulja Boy Tell'em
1177,Rockin' That Thang,The-Dream
1178,Chicken Fried,Zac Brown Band
1179,Diva,Beyonce
1180,Replay,Iyaz
1181,Then,Brad Paisley
1182,Her Diamonds,Rob Thomas
1183,How Do You Sleep?,Jesse McCartney Featuring Ludacris
1184,3,Britney Spears
1185,Forever,"Drake Featuring Kanye West, Lil Wayne & Eminem"
1186,One Time,Justin Bieber
1187,I Run To You,Lady Antebellum
1188,I Do Not Hook Up,Kelly Clarkson
1189,Green Light,John Legend Featuring Andre 3000
1190,People Are Crazy,Billy Currington
1191,Whatever It Is,Zac Brown Band
1192,Already Gone,Kelly Clarkson
1193,Goodbye,Kristinia DeBarge
1194,Say Hey (I Love You),Michael Franti & Spearhead Featuring Cherine Anderson
1195,Pop Champagne,Jim Jones & Ron Browz Featuring Juelz Santana
1196,Pretty Wings,Maxwell
1197,Never Say Never,The Fray
1198,Low,Flo Rida Featuring T-Pain
1199,Bleeding Love,Leona Lewis
1200,No One,Alicia Keys
1201,Lollipop,Lil Wayne Featuring Static Major
1202,Apologize,Timbaland Featuring OneRepublic
1203,No Air,Jordin Sparks Duet With Chris Brown
1204,Love Song,Sara Bareilles
1205,Love In This Club,Usher Featuring Young Jeezy
1206,With You,Chris Brown
1207,Forever,Chris Brown
1208,Sexy Can I,Ray J & Yung Berg
1209,Take A Bow,Rihanna
1210,Viva La Vida,Coldplay
1211,I Kissed A Girl,Katy Perry
1212,Whatever You Like,T.I.
1213,Disturbia,Rihanna
1214,Don't Stop The Music,Rihanna
1215,Pocketful Of Sunshine,Natasha Bedingfield
1216,Kiss Kiss,Chris Brown Featuring T-Pain
1217,Closer,Ne-Yo
1218,Bubbly,Colbie Caillat
1219,Touch My Body,Mariah Carey
1220,4 Minutes,Madonna Featuring Justin Timberlake & Timbaland
1221,So What,P!nk
1222,Paralyzer,Finger Eleven
1223,Clumsy,Fergie
1224,I'm Yours,Jason Mraz
1225,Leavin',Jesse McCartney
1226,Dangerous,Kardinal Offishall Featuring Akon
1227,Tattoo,Jordin Sparks
1228,See You Again,Miley Cyrus
1229,Shake It,Metro Station
1230,Stop And Stare,OneRepublic
1231,Take You There,Sean Kingston
1232,Paper Planes,M.I.A.
1233,Hot N Cold,Katy Perry
1234,Live Your Life,T.I. Featuring Rihanna
1235,Bust It Baby Part 2,Plies Featuring Ne-Yo
1236,American Boy,Estelle Featuring Kanye West
1237,Got Money,Lil Wayne Featuring T-Pain
1238,Our Song,Taylor Swift
1239,Damaged,Danity Kane
1240,A Milli,Lil Wayne
1241,Sorry,Buckcherry
1242,Independent,Webbie Featuring Lil' Phat & Lil' Boosie
1243,Can't Believe It,T-Pain Featuring Lil Wayne
1244,Like You'll Never See Me Again,Alicia Keys
1245,Teardrops On My Guitar,Taylor Swift
1246,When I Grow Up,The Pussycat Dolls
1247,Sensual Seduction,Snoop Dogg
1248,What You Got,Colby O'Donis Featuring Akon
1249,It's Not My Time,3 Doors Down
1250,Better In Time,Leona Lewis
1251,Crank That (Soulja Boy),Soulja Boy Tell'em
1252,Shadow Of The Day,Linkin Park
1253,Sweetest Girl (Dollar Bill),"Wyclef Jean Featuring Akon, Lil Wayne & Niia"
1254,Miss Independent,Ne-Yo
1255,Fall For You,Secondhand Serenade
1256,In The Ayer,Flo Rida Featuring will.i.am
1257,Say,John Mayer
1258,One Step At A Time,Jordin Sparks
1259,Hate That I Love You,Rihanna Featuring Ne-Yo
1260,Superstar,Lupe Fiasco Featuring Matthew Santos
1261,Suffocate,J. Holiday
1262,Let It Rock,Kevin Rudolf Featuring Lil Wayne
1263,Get Like Me,David Banner Featuring Chris Brown
1264,Realize,Colbie Caillat
1265,Put On,Young Jeezy Featuring Kanye West
1266,The Time Of My Life,David Cook
1267,Lolli Lolli (Pop That Body),"Three 6 Mafia Featuring Project Pat, Young D & Superpower"
1268,Cyclone,Baby Bash Featuring T-Pain
1269,Love Like This,Natasha Bedingfield Featuring Sean Kingston
1270,Burnin' Up,Jonas Brothers
1271,Love Lockdown,Kanye West
1272,I Luv Your Girl,The-Dream
1273,Crush,David Archuleta
1274,Hypnotized,Plies Featuring Akon
1275,Big Girls Don't Cry,Fergie
1276,Good Life,Kanye West Featuring T-Pain
1277,Womanizer,Britney Spears
1278,Love Story,Taylor Swift
1279,Just Fine,Mary J. Blige
1280,Piece Of Me,Britney Spears
1281,The Boss,Rick Ross Featuring T-Pain
1282,All Summer Long,Kid Rock
1283,Can't Help But Wait,Trey Songz
1284,In Love With A Girl,Gavin DeGraw
1285,My Life,The Game Featuring Lil Wayne
1286,I Remember,Keyshia Cole
1287,Flashing Lights,Kanye West Featuring Dwele
1288,Mrs. Officer,Lil Wayne Featuring Bobby Valentino & Kidd Kidd
1289,7 Things,Miley Cyrus
1290,You're Gonna Miss This,Trace Adkins
1291,Love Remains The Same,Gavin Rossdale
1292,Feels Like Tonight,Daughtry
1293,The Way I Are,Timbaland Featuring Keri Hilson
1294,Addicted,Saving Abel
1295,Into The Night,Santana Featuring Chad Kroeger
1296,Heaven Sent,Keyshia Cole
1297,She Got It,2 Pistols Featuring T-Pain & Tay Dizm
1298,Irreplaceable,Beyonce
1299,Umbrella,Rihanna Featuring Jay-Z
1300,The Sweet Escape,Gwen Stefani Featuring Akon
1301,Big Girls Don't Cry,Fergie
1302,Buy U A Drank (Shawty Snappin'),T-Pain Featuring Yung Joc
1303,Before He Cheats,Carrie Underwood
1304,Hey There Delilah,Plain White T's
1305,I Wanna Love You,Akon Featuring Snoop Dogg
1306,Say It Right,Nelly Furtado
1307,Glamorous,Fergie Featuring Ludacris
1308,Don't Matter,Akon
1309,Girlfriend,Avril Lavigne
1310,Makes Me Wonder,Maroon 5
1311,Party Like A Rockstar,Shop Boyz
1312,Smack That,Akon Featuring Eminem
1313,This Is Why I'm Hot,Mims
1314,It's Not Over,Daughtry
1315,The Way I Are,Timbaland Featuring Keri Hilson
1316,Fergalicious,Fergie
1317,Crank That (Soulja Boy),Soulja Boy Tell'em
1318,Give It To Me,Timbaland Featuring Nelly Furtado & Justin Timberlake
1319,What Goes Around...Comes Around,Justin Timberlake
1320,Cupid's Chokehold/Breakfast In America,Gym Class Heroes Featuring Patrick Stump
1321,How To Save A Life,The Fray
1322,Home,Daughtry
1323,My Love,Justin Timberlake Featuring T.I.
1324,Stronger,Kanye West
1325,We Fly High,Jim Jones
1326,U + Ur Hand,P!nk
1327,Walk It Out,Unk
1328,Beautiful Girls,Sean Kingston
1329,"This Ain't A Scene, It's An Arms Race",Fall Out Boy
1330,Bartender,T-Pain Featuring Akon
1331,"Pop, Lock & Drop It",Huey
1332,Runaway Love,Ludacris Featuring Mary J. Blige
1333,Rockstar,Nickelback
1334,Thnks Fr Th Mmrs,Fall Out Boy
1335,What I've Done,Linkin Park
1336,Summer Love,Justin Timberlake
1337,You,Lloyd Featuring Lil Wayne
1338,Wait For You,Elliott Yamin
1339,Last Night,Diddy Featuring Keyshia Cole
1340,Make It Rain,Fat Joe Featuring Lil Wayne
1341,Make Me Better,Fabolous Featuring Ne-Yo
1342,Ice Box,Omarion
1343,Lips Of An Angel,Hinder
1344,Waiting On The World To Change,John Mayer
1345,Lost Without U,Robin Thicke
1346,I'm A Flirt,R. Kelly Or Bow Wow (Featuring T.I. & T-Pain)
1347,If Everyone Cared,Nickelback
1348,Get It Shawty,Lloyd
1349,Face Down,The Red Jumpsuit Apparatus
1350,The Way I Live,Baby Boy Da Prince Featuring Lil Boosie
1351,Shortie Like Mine,Bow Wow Featuring Chris Brown & Johnta Austin
1352,It Ends Tonight,The All-American Rejects
1353,A Bay Bay,Hurricane Chris
1354,Because Of You,Ne-Yo
1355,I Tried,Bone Thugs-N-Harmony Featuring Akon
1356,Welcome To The Black Parade,My Chemical Romance
1357,Shawty,Plies Featuring T-Pain
1358,Chasing Cars,Snow Patrol
1359,Beautiful Liar,Beyonce & Shakira
1360,SexyBack,Justin Timberlake
1361,Keep Holding On,Avril Lavigne
1362,Let It Go,Keyshia Cole Featuring Missy Elliott & Lil Kim
1363,Apologize,Timbaland Featuring OneRepublic
1364,Bubbly,Colbie Caillat
1365,Like A Boy,Ciara
1366,Who Knew,P!nk
1367,Never Again,Kelly Clarkson
1368,Promise,Ciara
1369,Bed,J. Holiday
1370,Throw Some D's,Rich Boy Featuring Polow Da Don
1371,Rehab,Amy Winehouse
1372,Big Things Poppin' (Do It),T.I.
1373,No One,Alicia Keys
1374,The Great Escape,Boys Like Girls
1375,2 Step,Unk
1376,Walk Away (Remember Me),Paula DeAnda Featuring The DEY
1377,Go Getta,Young Jeezy Featuring R. Kelly
1378,Here (In Your Arms),Hellogoodbye
1379,On The Hotline,Pretty Ricky
1380,Wind It Up,Gwen Stefani
1381,Cyclone,Baby Bash Featuring T-Pain
1382,Break It Off,Rihanna & Sean Paul
1383,First Time,Lifehouse
1384,Ayo Technology,50 Cent Featuring Justin Timberlake & Timbaland
1385,Outta My System,Bow Wow Featuring T-Pain & Johnta Austin
1386,Teardrops On My Guitar,Taylor Swift
1387,Shut Up And Drive,Rihanna
1388,Snow ((Hey Oh)),Red Hot Chili Peppers
1389,Money Maker,Ludacris Featuring Pharrell
1390,Kiss Kiss,Chris Brown Featuring T-Pain
1391,Far Away,Nickelback
1392,Rock Yo Hips,Crime Mob Featuring Lil Scrappy
1393,LoveStoned,Justin Timberlake
1394,Better Than Me,Hinder
1395,Paralyzer,Finger Eleven
1396,That's That,Snoop Dogg Featuring R. Kelly
1397,Same Girl,R. Kelly Duet With Usher
